{"cameraMode":{"drawMode":0,"name":"Shaded","section":"Shading Mode"},"sceneLighting":true,"audioPlay":false,"sceneViewState":{"showFog":true,"showMaterialUpdate":false,"showSkybox":true,"showFlares":true,"showImageEffects":true,"showParticleSystems":true},"in2DMode":false,"pivot":{"x":-0.057362496852874759,"y":0.20643502473831178,"z":0.08050292730331421},"rotation":{"x":0.1314653605222702,"y":0.1686430424451828,"z":-0.022701606154441835,"w":0.9766106605529785},"size":1.0732054710388184,"orthographic":false}