{"cameraMode":{"drawMode":0,"name":"Shaded","section":"Shading Mode"},"sceneLighting":true,"audioPlay":false,"sceneViewState":{"showFog":true,"showMaterialUpdate":false,"showSkybox":true,"showFlares":true,"showImageEffects":true,"showParticleSystems":true},"in2DMode":false,"pivot":{"x":0.0,"y":0.056000005453825,"z":-0.7400000095367432},"rotation":{"x":-0.01613176241517067,"y":0.9267548322677612,"z":-0.37318024039268496,"w":-0.0400596521794796},"size":0.2190667688846588,"orthographic":false}