{"cameraMode":{"drawMode":0,"name":"Shaded","section":"Shading Mode"},"sceneLighting":false,"audioPlay":false,"sceneViewState":{"showFog":true,"showMaterialUpdate":false,"showSkybox":false,"showFlares":true,"showImageEffects":true,"showParticleSystems":true},"in2DMode":false,"pivot":{"x":1.284918189048767,"y":0.04418540000915527,"z":-0.23100000619888307},"rotation":{"x":-0.01613176241517067,"y":0.9267548322677612,"z":-0.37318024039268496,"w":-0.0400596521794796},"size":0.7330126166343689,"orthographic":false}